{"cameraMode":{"drawMode":0,"name":"Shaded","section":"Shading Mode"},"sceneLighting":true,"audioPlay":false,"sceneViewState":{"m_AlwaysRefresh":false,"showFog":true,"showSkybox":true,"showFlares":true,"showImageEffects":true,"showParticleSystems":true,"showVisualEffectGraphs":true,"m_FxEnabled":true},"in2DMode":false,"pivot":{"x":3.8284034729003908,"y":-12.249387741088868,"z":10.446596145629883},"rotation":{"x":-0.2914620041847229,"y":0.22729557752609254,"z":-0.07151036709547043,"w":-0.9264129996299744},"size":20.50816535949707,"orthographic":false}